{
  "accuracy": 0.9994439054402613,
  "precision_macro": 0.9989086115080235,
  "recall_macro": 0.999203028457939,
  "f1_macro": 0.9990555542121372,
  "f1_weighted": 0.9994439190828438,
  "labels": [
    "Benign",
    "Bot",
    "Brute Force",
    "DDoS",
    "DoS",
    "Infiltration",
    "Port Scan",
    "Web Attack"
  ],
  "confusion_matrix": [
    [
      39943,
      33,
      0,
      3,
      2,
      3,
      14,
      2
    ],
    [
      14,
      15473,
      0,
      0,
      0,
      0,
      0,
      0
    ],
    [
      1,
      0,
      1393,
      0,
      0,
      0,
      0,
      0
    ],
    [
      1,
      0,
      0,
      25605,
      0,
      0,
      0,
      0
    ],
    [
      5,
      0,
      0,
      0,
      39994,
      0,
      1,
      0
    ],
    [
      7,
      0,
      0,
      0,
      0,
      14370,
      0,
      0
    ],
    [
      1,
      0,
      0,
      0,
      6,
      0,
      31754,
      0
    ],
    [
      1,
      0,
      0,
      0,
      0,
      0,
      0,
      410
    ]
  ]
}